Azienda,link1,link2,link3
CASA EMMA SOCIETA' AGRICOLA S.S.,https://casaemma.it/,https://casaemma.it/en/,https://casaemma.it/wine-tasting/
FRANCESCO CADINU,https://francescocadinu.it/,https://francescocadinu.it/de-oro/,https://francescocadinu.it/contatti/
TOSCANI,https://www.regione.toscana.it/,https://www.regione.toscana.it/servizi-online,https://www.regione.toscana.it/bandi-aperti
"""BEDIN"" AZIENDA AGRICOLA COLLI ASOLANI",https://www.colliasolani.it/,https://www.colliasolani.it/it/i-nostri-vini,https://www.colliasolani.it/it/contatti
"""CONTI COSTANTI"" AZIENDA AGRARIA DI ANDREA COSTANTI",https://www.costanti.com/,https://www.costanti.com/en/home/home,https://www.costanti.com/it/221/visite
"""LA CAPLANA"" DI GUIDO NATALINO S.A.S. & ""VILLAVECCHIA""",https://www.lacaplana.it/it/,https://vinitalyplus.com/fr/companies/3481_059541000/la-caplana-di-guido-natalino-sas-villavecchia,placeholder
"""LA STAFFA"" DI BALDI RICCARDO & C. S.S. SOCIETÀ AGRICOLA",https://vinilastaffa.it/,https://vinitalyplus.com/it/companies/3769_260208859/la-staffa-di-baldi-riccardo-c-ss-societa-agricola,https://imtdoc.it/associato/societa-agricola-la-staffa-di-baldi-riccardo-e-c-s-s/
'ESOLE,https://esol.unina.it/,https://sondaggi.unina.it/,placeholder
A.C. MARKETING & TRADE S.R.L.,https://acmarketingtrade.com/en/,https://acmarketingtrade.com/en/contatti/,https://vinitalyplus.com/it/companies/923_260186708/ac-marketing-trade-srl
ABBAZIA CASA VINICOLA,https://www.abbazia.it/,https://www.abbazia.it/vini/,https://www.abbazia.it/contatti/
ABBAZIA DI NOVACELLA,https://www.kloster-neustift.it/it/,https://www.kloster-neustift.it/it/cantina/vini/,https://www.kloster-neustift.it/it/visita-e-esperienza/tour-e-visite-guidate/
ABBONA DI ABBONA MARZIANO E C.,https://www.abbona.com/,https://www.abbona.com/vini/,https://www.abbona.com/en/
ABRAMI ELISABETTA,https://vinielisabettaabrami.it/,https://vinielisabettaabrami.it/esperienze/,https://vinielisabettaabrami.it/contatti/
ACCORDINI IGINO DI ACCORDINI GUIDO,https://www.accordini.it/,https://iginoaccordini.it/,https://iginoaccordini.it/igino-accordini/
ACCORNERO GIULIO E FIGLI AZIENDA AGRICOLA,https://www.accornerovini.it/,https://www.accornerovini.it/negozio/,https://www.accornerovini.it/vini/
ACETAIA DELIZIA ESTENSE - AZIENDA AGRICOLA EREDI BERTONI SANTE,https://www.deliziaestense.it/,https://www.deliziaestense.it/contatti/,https://www.deliziaestense.it/eventi/
ACQUA MINERALE SAN BENEDETTO S.P.A.,https://www.sanbenedetto.it/it,https://www.sanbenedetto.it/it/azienda/chi-siamo,https://www.sanbenedetto.it/it/prodotto/categoria-di-prodotto/acque-minerali
ADA NADA AZIENDA AGRICOLA,https://www.adanada.it/,https://www.adanada.it/cantina/,https://www.adanada.it/informativa-sulla-privacy/
ADAMI,https://shop.stefanoadami.it/,https://www.adamiprosecco.it/,https://www.adamitrasporti.com/
ADRIA VINI S.R.L.,https://www.siquria.it/aziende/Adria_Vini_Srl-31031,https://www.vinievino.it/cantina/asti/castel-boglione/adria-vini-srl-4378.html,https://vinitalyplus.com/de/companies/2019_260183796/adria-vini-srl
AEC WINES SRL,https://www.acwines.it/,https://www.acwines.it/privacy,https://vinitalyplus.com/it/companies/UvaCT_XRUV-XPnh0KUtxo/aec-wines-srl
AFRIWINES S.R.L. - VINI DEL SUDAFRICA,https://www.afriwines.com/,https://www.afriwines.com/wines.asp,https://www.afriwines.com/contatti.asp
AGB SELEZIONE SRL A SOCIO UNICO,https://agbselezione.com/,https://agricolegussalliberetta.com/agb-selezione.html,https://www.ufficiocamerale.it/1218/agb-selezione-srl
AGOSTINA PIERI,https://www.pieriagostina.it/,https://www.pieriagostina.it/contatti/,https://www.consorziobrunellodimontalcino.it/it/1392/agostina-pieri
AGOSTINO PAVIA E FIGLI,https://www.agostinopavia.it/,https://www.agostinopavia.it/it/vini-agostino-pavia.php,https://www.agostinopavia.it/en/
AGRARIA RIVA DEL GARDA - CANTINA & FRANTOIO DAL 1926,https://www.agririva.it/,https://store.agririva.it/,https://www.agririva.it/soci-in-cooperativa.php
AGRICOLA ARMÒNJA,https://www.agricolaarmonja.com/,https://www.agricolaarmonja.com/en/la-nostra-identita/,https://pugliawineworld.it/en/companies/agricola-armonja-2/
AGRICOLA CASA AL VENTO SNC,https://www.borgocasaalvento.com/,https://www.borgocasaalvento.com/it/cantina,https://www.borgocasaalvento.com/it/4-hotel
AGRICOLA ERARIO,https://agricolaerario.com/,https://agricolaerario.com/en/primitivo-di-manduria/,https://agricolaerario.com/visite-degustazioni/
AGRICOLA GIAN PIERO MARRONE S.N.C.,https://www.agricolamarrone.com/,https://visit.agricolamarrone.com/,https://www.tripadvisor.it/Attraction_Review-g815384-d2650915-Reviews-Agricola_Gian_Piero_Marrone-La_Morra_Province_of_Cuneo_Piedmont.html
AGRICOLA NAE SRL,https://www.cantinenae.it/,https://www.cantinenae.it/privacy-policy,https://www.ufficiocamerale.it/8266/societa-agricola-nae-srl
AGRICOLE ALBERTO LONGO SOCIETÀ AGRICOLA A R.L.,https://albertolongo.it/,https://albertolongo.it/i-vini/vini-alberto-longo/,https://shop.albertolongo.it/
AGRIPUNICA S.P.A.,https://www.agripunica.it/,https://www.agripunica.it/i-nostri-vini.html,https://www.agripunica.it/la-cantina.html
AGRIVERDE,https://www.cantineagriverde.com/,https://www.cantineagriverde.com/negozio/,https://www.cantineagriverde.com/contatti/
AIS ASSOCIAZIONE ITALIANA SOMMELIER,https://www.aisitalia.it/,https://www.aisitalia.it/my-ais-2/,https://www.aisitalia.it/corso-sommelier-ais/
ALBERTO BALLARIN AZIENDA AGRICOLA,https://www.albertoballarin.it/,https://www.albertoballarin.it/contatti/,https://www.albertoballarin.it/shop-online/
ALBINO ARMANI VITICOLTORI DAL 1607,https://www.albinoarmani.com/en/,https://www.albinoarmani.com/contatti/,https://www.albinoarmani.com/shop-vini/
ALBINO PIONA AZIENDA AGRICOLA DI ALBINO PIONA E FIGLI SOC. AGR. SEMPLICE,https://www.albinopiona.it/,https://www.albinopiona.it/vini,https://www.albinopiona.it/visite
ALBINO ROCCA,https://www.albinorocca.com/,https://www.albinorocca.com/angelo-rocca/,https://www.albinorocca.com/vini/
ALCESTI,https://www.alcesti.it/,https://www.alcesti.it/en/contacts/,https://www.frescodivigna.com/it/alcesti_1
ALDEGHERI,http://www.cantinealdegheri.it/,https://www.cantinealdegheri.it/foto/,https://www.cantinealdegheri.it/le-pietre-rosso-veronese-igt/
ALESSANDRA SRL SOCIETÀ AGRICOLA,https://alessandrasrl.bdf.land/,https://agrospaclub.it/,https://www.ufficiocamerale.it/3117/alessandra-srl-societa-agricola
ALESSANDRIA FRATELLI,https://www.fratellialessandria.it/,https://www.fratellialessandria.it/i-nostri-vini/,https://www.fratellialessandria.it/contatti/
ALIBRIANZA S.R.L. - CANTINE ANDREAS MAZZEI,https://www.alibrianza.it/it/home.html,https://www.alibrianza.it/it/kontakt-it.html,https://www.alibrianza.it/it/vini.html
ALLEGRINI ESTATES,https://website.allegrini.it/,https://allegrini.it/en/,https://allegrini.it/en/news/
ALMA WINES SRL,https://alessandroberselli.com/,https://alessandroberselli.com/brands/,https://alessandroberselli.com/selection-of-wines/
ALTAVIGNA WINERY,https://www.altavigna.it/,https://www.altavigna.it/vini/,https://www.lavinium.it/vino_nel_bicchiere/altavigna/
ALTESINO,https://www.altesino.it/,https://www.altesino.it/en/home-2/,https://www.altesino.it/contatti/
ALTURIS,https://alturis.it/en/,https://alturis.it/en/privacy-policy/,https://shop.alturis.com/privacy-policy/
AMARO DELL'ETNA,https://www.amarodelletna.it/,https://www.amarodelletna.it/product/amaro-dell-etna-shop-online-compra/,https://www.amarodelletna.it/contatti/
AMASTUOLA,https://www.amastuola.it/,https://www.cantineamastuola.it/,https://www.amastuola.it/it/contatti/
AMG S.R.L.S.,http://www.amgsrls.it/,https://www.amgsrls.com/,https://www.amgsrl.com/
ANDREOLA,https://andreola.eu/?lang=en,https://andreola.eu/e-shop/,https://andreola.eu/exploretaste/?lang=en
ANGELO D'UVA,https://www.cantineduva.it/,https://www.cantineduva.it/i-nostri-vini/,https://www.cantineduva.it/negozio/
ANGORIS,https://angoris.com/en/,https://angoris.com/privacy-policy/,https://angoris.com/cookie-policy/
ANNA SPINATO,https://www.spinato.it/it/,https://www.spinato.it/it/vini/,https://www.spinato.it/it/contacts/
ANSELMI,https://www.anselmisrl.it/,https://www.anselmisrl.it/en/,https://www.anselmisrl.it/datenschutz
ANTICA CASA VINICOLA SCARPA S.R.L.,https://www.scarpawine.com/,https://scarpawine.com/it/cantina,https://scarpawine.com/it/vini
ANTICA DISTILLERIA PETRONE,https://www.distilleriapetrone.it/,https://www.distilleriapetrone.it/collections/liquori,https://www.distilleriapetrone.it/collections/petrone-tricolore
ANTICA FATTORIA LA PARRINA,https://www.parrina.it/,https://shop.parrina.it/,https://www.parrina.it/ristorante.html
ANTICHE DISTILLERIE RIUNITE S.R.L.,https://www.rossidasiago.com/,https://www.valbrunadistillerie.it/,https://www.rossidasiago.com/contatti-2/
ANTICHE TERRE VENETE S.R.L.,https://www.anticheterrevenete.it/,https://www.anticheterrevenete.it/en/,https://www.anticheterrevenete.it/it/antiche-terre-venete/i-vini/
ANTICHI VIGNETI DI CANTALUPO,https://www.scamuzzivini.it/brand/cantalupo-antichi-vigneti/,https://www.facebook.com/CantalupoWines/?locale=it_IT,https://www.comune.ghemme.novara.it/it-it/vivere-il-comune/shopping-aziende/antichi-vigneti-di-cantalupo-39673-1-7b6e2eb9ee31ffb025bb03042450d3f3
ANTINORI - MARCHESI ANTINORI,https://www.antinori.it/,https://www.antinori.it/en/,https://www.antinori.it/it/vini/
ANTONELLI SAN MARCO,https://www.antonellisanmarco.it/,https://www.antonellisanmarco.it/ospitalita/,https://www.antonellisanmarco.it/vini/
ANTONINI E CO. S.R.L.,https://www.antonini.srl/,https://www.antonini.srl/contacts/,https://www.beverfood.com/cantina/antonini-e-co-s-r-l
ANTONIO FACCHIN E FIGLI S.S.,https://www.antoniofacchin.com/it/,https://www.antoniofacchin.com/it/i-nostri-vini/,https://www.antoniofacchin.com/it/enoturismo/lagriturismo/
ANTONUTTI,https://www.antonuttivini.it/,https://www.antonuttivini.it/it/vini/linea-antonutti,https://www.antonuttivini.it/en
APOLLONIO CASA VINICOLA,https://www.apolloniovini.it/en/,https://www.apolloniovini.it/en/shop/,https://www.apolloniovini.it/en/contacts/
APRA SPA,https://www.apra.it/,https://www.apra.it/chi-siamo/,https://www.apra.it/richiesta-assistenza/
ARALDICA CASTELVERO SOC. COOP. AGRICOLA,https://www.araldicavini.com/,https://www.araldicavini.it/,https://www.ufficiocamerale.it/4027/araldica-castelvero-societa-cooperativa-agricola
ARDUINI LUCIANO & C. SOCIETA' AGRICOLA S.S.,https://www.arduinivini.it/,https://www.arduinivini.it/i-vini,https://www.arduinivini.it/contatti
ARESCA,https://www.arescavini.it/,https://www.arescavini.it/vini/,https://www.arescavini.it/en/
ARGENTIERA,https://www.argentiera.eu/it/,https://www.argentiera.eu/it/visite-e-degustazioni/,https://www.argentiera.eu/it/i-vini/
ARGIOLAS S.P.A.,https://www.argiolas.it/,https://www.argiolas.it/en/,https://www.argiolas.it/i-nostri-vini/
ARILLO IN TERRABIANCA,https://arillointerrabianca.com/,https://arillointerrabianca.com/i-vini/,https://arillointerrabianca.com/il-teorema-toscano/la-tenuta-di-terrabianca/
ARIONE S.P.A.,https://www.arione.it/,https://www.arione.it/product_category/wine-shop/,https://www.arione.it/contatti/
ARNALDO CAPRAI SOCIETÀ AGRICOLA S.R.L.,https://www.arnaldocaprai.it/,https://www.arnaldocaprai.it/visite-degustazioni/,https://www.arnaldocaprai.it/vino/
ARRIGHI ISOLA D'ELBA,https://www.arrighivigneolivi.it/,https://www.arrighivigneolivi.it/vini/,https://www.arrighivigneolivi.it/vinomarino/
ARUNDA Sektkellerei METODO CLASSICO,https://www.arundavivaldi.it/,https://www.arundavivaldi.it/i-vini/,https://www.arundavivaldi.it/prodotto/brut/
"ASSOCIAZIONE ""PRODUTTORI DI NASCETTA DEL COMUNE DI NOVELLO""",https://www.elviocogno.com/it/lazienda-elvio-cogno-a-vinitaly-dal-10-al-13-aprile-a-verona/,placeholder,placeholder
ASSOCIAZIONE LANGA IN,https://www.langain.it/,https://www.turismoinlanga.it/,https://www.langain.it/cookie-policy.html
ASSOCIAZIONE NAZIONALE CITTA DEL VINO,https://cittadelvino.com/,https://cittadelvino.com/chi-siamo/,https://cittadelvino.com/progetti/
ASSOCIAZIONE NAZIONALE LE DONNE DEL VINO,https://ledonnedelvino.com/,https://ledonnedelvino.com/chi-sono-le-donne-del-vino/,https://ledonnedelvino.com/chi-siamo/come-associarsi/
ASSOCIAZIONE PRODUTTORI SPUMANTE ALTO ADIGE METODO CLASSICO,https://www.suedtirolersekt.it/it/home/1-0.html,https://www.suedtirolersekt.it/it/produttori-di-spumante/produttori-di-spumante/11-0.html,https://www.altoadige.it/economia/spumante-alto-adige-30-anni-per-l-associazione-produttori-1.2504636
ASSOCIAZIONE PROWINE,https://www.assosommelier.it/termini-e-condizioni-generali-di-iscrizione/,https://www.assosommelier.it/prodotto/iscrizione-assosommelier/,https://www.ufficiocamerale.it/2726/associazione-prowine
ASSOENOLOGI,https://www.assoenologi.it/2019/05/15/benvenuti-nel-nuovo-sito-di-assoenologi/,https://www.assoenologi.it/2024/01/26/il-nuovo-sito-assoenologi-e-il-portale-formazione/,https://www.assoenologi.it/area-riservata/
ASTORIA VINI,https://www.astoria.it/,https://www.astoria.it/wine-store/,https://www.astoria.it/chi-siamo/
AUDARYA SOC. AGR. SRL,https://www.audarya.it/?lang=en,https://www.audarya.it/wine-tour/?lang=en,https://www.audarya.it/contact-us/?lang=en
AURELIO SETTIMO,https://www.aureliosettimowines.com/,https://www.aureliosettimowines.com/famiglia-azienda,https://www.cantinalamorra.com/cantina-aurelio-settimo
AZ AGR GUIDO PORRO,https://wine.il-quadrifogliostore.it/it/brand/270-guido-porro,http://guidoporro.com/,http://guidoporro.com/vini/
AZ. AGR. BUGANZA RENATO - RADICI E FILARI,http://www.renatobuganza.it/categoria-prodotto/radici-e-filari/,http://www.renatobuganza.it/,https://radiciefilari.wixsite.com/radiciefilari/contact
AZ. AGR. COSTA DI BUSSIA-TENUTA ARNULFO,https://www.booking.com/hotel/it/costa-di-bussia.it.html,https://www.costadibussia.com/,https://www.costadibussia.com/visite-con-degustazione-vino-langhe/
AZ. AGR. I CAMPI DI FLAVIO PRA,https://www.icampi.it/en/contatti/,https://www.icampi.it/,https://www.icampi.it/contatti/
AZ. AGR. MONTARIBALDI S.S.,https://www.montaribaldi.com/,https://www.montaribaldi.com/it/contatti,https://www.montaribaldi.com/en/contacts
AZ. AGR. PROGRESS COUNTRY & WINE HOUSE BIO biologico Prosecco Asolo,https://www.progresscountrywinehouse.com/,https://www.progresscountrywinehouse.com/it/eshop,http://www.movimentoturismovino.it/it/cantine/veneto/3602/soc-agr-progress-country-wine-house/
AZ. AGRICOLA DISSEGNA FRANCESCO,https://www.dissegnavini.com/,https://www.dissegnavini.com/vinispumanti/,https://www.dissegnavini.com/vinirossi/
AZ. AGRICOLA GINI SANDRO E CLAUDIO,https://www.ginivini.com/,https://www.ginivini.com/ita/index.php,https://www.tripadvisor.it/Attraction_Review-g1135410-d12056108-Reviews-Azienda_Agricola_Gini_Sandro_E_Claudio-Monteforte_d_Alpone_Province_of_Verona_V.html
AZ. AGRICOLA SAN GIOBBE,https://www.agricolasangiobbe.it/en/,https://www.agricolasangiobbe.it/en/about-us/,https://www.facebook.com/AgricolaSanGiobbe/
AZ. RABAJA DI BRUNO ROCCA,https://www.brunorocca.it/,https://www.brunorocca.it/vini/,https://www.brunorocca.it/en/
AZ. VINI PAOLO DE LORENZI,https://delorenzivini.com/,https://delorenzivini.com/negozio/,https://www.turismofvg.it/cantine/vini-de-lorenzi
AZ.AG. E. PIRA & FIGLI,https://www.vivino.com/IT/it/azienda-agricola-e-pira-and-figli-via-nuova-barolo/w/88440,https://www.pira-chiaraboschis.com/,http://www.pira-chiaraboschis.com/Contatti.html
AZELIA AZIENDA AGRICOLA,https://www.azelia.it/,https://www.azelia.it/vini/,https://www.azelia.it/en/
AZENDA VITIVINICOLA MUSTAZZA DI MUSTAZZA CRISTOFORO,https://mustazzavini.it/,https://mustazzavini.it/contatti/,https://www.facebook.com/mustazzavini/?locale=it_IT
AZIENDA AGR. RONCA DI RONCA MASSIMO,https://www.cantinaronca.it/,https://www.cantinaronca.it/schede-vini/,https://www.cantinaronca.it/storia/
AZIENDA AGR. SANTA LUCIA DI SCOTTO LORENZO,https://www.azsantalucia.com/,https://www.azsantalucia.com/nuova-cantina/,https://www.azsantalucia.com/azienda/
AZIENDA AGR.MUSSO DI MUSSO EMANUELE,https://www.mussobarbaresco.it/,https://www.mussobarbaresco.it/note-legali/,https://www.ufficiocamerale.it/6977/azienda-agricola-musso-di-musso-emanuele
AZIENDA AGRARIA LA MONTANINA DI ORETTA LEONINI,https://www.lamontaninaaziendaagricola.it/,https://www.lamontaninaaziendaagricola.it/chianti-classico/,https://www.lamontaninaaziendaagricola.it/chianticlassicoriserva/
AZIENDA AGRICOLA ACCORDINI STEFANO SOCIETA' AGRICOLA SEMPLICE,https://www.accordinistefano.it/,https://www.accordinistefano.it/contatti/,https://www.accordinistefano.it/degustazioni/
AZIENDA AGRICOLA ADAMI ALDO E C.,https://www.cantinaaldoadami.com/it/,https://www.cantinaaldoadami.com/it/vini-e-m-1-7,https://www.cantinaaldoadami.com/it/punto-vendita
AZIENDA AGRICOLA BETTILI CRISTIANA,https://cristianabettiliwines.it/?lang=en,https://cristianabettiliwines.it/condizioni-di-vendita/,https://www.ilbuongustoitaliano.com/produttore/cristiana-bettili-wines/
AZIENDA AGRICOLA BIOLOGICA RISERVA DELLA CASCINA DI DANIELA  VECCHI,https://www.riservadellacascina.it/,https://www.riservadellacascina.it/cookie.php,placeholder
AZIENDA AGRICOLA BUSSIA SOPRANA DI CASIRAGHI SILVANO E C. S.S.,https://www.bussiasoprana.it/,https://www.bussiasoprana.it/i-nostri-vini/,https://www.bussiasoprana.it/en/
AZIENDA AGRICOLA CA' DEI FRATI DI DAL CERO PIETRO & FIGLI,https://cadeifrati.it/,https://cadeifrati.it/vini/,https://cadeifrati.it/visita-guidata/
AZIENDA AGRICOLA CASTELLANI,https://aziendaagricolacastellani.it/,https://www.agricolacastellani.it/it,https://www.castellanisandaniele.it/
AZIENDA AGRICOLA CAVALCHINA SOCIETA' SEMPLICE,https://www.tenutedifamiglia.com/it/cavalchina,https://www.tenutedifamiglia.com/en/,https://www.vinello.it/azienda-agricola-cavalchina
AZIENDA AGRICOLA FUGOLO GIANLUCA,https://www.facebook.com/AziendaAgrigolaFugoloGianluca/,https://aziendaagricolafugologianluca.it/it,https://aziendaagricolafugologianluca.it/it/azienda
AZIENDA AGRICOLA ICARDI,https://www.icardivini.com/,https://www.icardivini.com/it/vini.php,https://www.icardivini.com/it/contatti.php
AZIENDA AGRICOLA JASCI DONATELLO,https://www.baldovino99.com/product/jasci-e-marchesani-montepulciano-abruzzo-doc-biologico/,https://www.jasci.it/,https://www.jasci.it/vini/
AZIENDA AGRICOLA LA CIARLIANA,https://weindiele.com/vino-rosso/la-ciarliana-vino-nobile-di-montepulciano-docg,https://www.laciarliana.it/,https://www.laciarliana.it/shop/
AZIENDA AGRICOLA MARZOCCO DI ROBERTA CHINI,https://www.marzoccopoppiano.it/it,https://www.marzoccopoppiano.it/it/a-parole-nostre,https://www.youtube.com/watch?v=XxzMhrNaJgo
AZIENDA AGRICOLA MONTE FAUSTINO DI FORNASER PAOLO,http://www.fornaser.com/,https://www.viniwines.com/it/vini-rossi/il-maestro-amarone-della-valpolicella-classico-docg-fornaser,http://www.fornaser.com/ita/contatti.html
AZIENDA AGRICOLA MONTECHIARO DI ALESSANDRO GRICCIOLI,https://www.terredellagrigia.com/?lang=it,https://www.terredellagrigia.com/the-estate?lang=it,https://www.terredellagrigia.com/palazzo-griccioli?lang=it
AZIENDA AGRICOLA NARDIN WALTER S.S. SOCIETA' AGRICOLA,http://www.vinwalternardin.it/,http://www.vinwalternardin.it/en/,https://www.ufficiocamerale.it/3837/azienda-agricola-nardin-walter-ss-societa-agricola
AZIENDA AGRICOLA PIAZZA ANTONIO,https://www.piazzavini.it/,https://www.piazzavini.it/i-nostri-vini/,https://www.piazzavini.it/contatti/
AZIENDA AGRICOLA PIGNO DI MARTARI F.LLI,https://www.cantinapigno.com/it/vini-del-lago-di-garda,https://www.agriturismopigno.com/it/index.php,https://www.cantinapigno.com/it/vigneti-lago-di-garda
AZIENDA AGRICOLA SALIERI,https://www.salierispumante.it/,https://www.salierispumante.it/contatti/,https://www.mywebcatering.com/all-dealers/az-agr-salieri-spumante
AZIENDA AGRICOLA TAMBURINO SARDO,https://www.aziendaagricolatamburinosardo.it/,https://www.aziendaagricolatamburinosardo.it/index.php?p=prodotti,https://azienda-agricola-tamburino-sardo.business.site/
AZIENDA AGRICOLA VERONESE BEATRICE S.S.A.,https://veronesebeatrice.com/,https://veronesebeatrice.com/cantina-degustazioni/,https://veronesebeatrice.com/la-collezione/
AZIENDA AGRICOLA ZORZETTIG DI ANNALISA ZORZETTIG,https://www.zorzettigvini.it/?lang=en,https://www.zorzettigvini.it/vini/?lang=en,https://www.zorzettigvini.it/famiglia-zorzettig/?lang=en
AZIENDA AGRIVITIVICOLA ELIO SANDRI DI CRAVERO DANIELA,https://www.ufficiocamerale.it/5284/az-agriviticola-elio-sandri-di-cravero-daniela-siglabile-ove-consentito-in-azagr-elio-sandri-elio-sandri-azagriviticola-elio-sandri,placeholder,placeholder
AZIENDA LISINI,http://lisini.com/,https://www.consorziobrunellodimontalcino.it/it/1501/lisini,https://www.facebook.com/AziendaAgrariaLisini/?locale=it_IT
AZIENDA VINICOLA ED OLEARIA DI FRANCESCO LAMONARCA & C. SNC,https://www.lamonarca.it/,https://www.lamonarca.it/i-nostri-vini/,https://www.lamonarca.it/contatti-la-monarca/
